employeeid,employeename,total_hrs_worked,Percent_of_days_present
982,"Ivana Tank",45,81.20
717,"Oorja Mahajan",43,84.17
262,"Vaibhav Sidhu",43,79.37
370,"Saira Loyal",42,77.24
728,"Tanya Doctor",41,73.60
341,"Raghav Sastry",40,78.29
693,"Vedika Ratti",39,77.39
719,"Vaibhav Devi",38,81.88
502,"Sahil Srinivas",38,81.30
624,"Riaan Kunda",38,77.10
111,"Hiran Sidhu",37,78.40
783,"Anahita Bakshi",10,89.29
471,"Stuvan Dixit",10,88.89
434,"Nitya Majumdar",10,87.50
117,"Drishya Tank",10,86.96
856,"Divit Wadhwa",10,86.21
980,"Kismat Baria",10,85.00
753,"Jayesh Bhatt",10,82.14
472,"Aarav Tak",10,80.95
429,"Piya Deo",10,80.95
650,"Eva Bhandari",10,80.77
122,"Anya Dhar",10,80.65
852,"Parinaaz Setty",10,80.65
686,"Akarsh Chada",10,80.65
422,"Rhea Kala",10,80.65
498,"Vardaniya Basak",10,80.00
250,"Armaan Baria",10,77.27
747,"Ela Thakkar",10,76.00
826,"Rasha Sama",10,75.86
671,"Shamik Bhardwaj",10,75.00
334,"Trisha Bhat",10,75.00
675,"Aaina Bumb",10,72.41
704,"Dharmajan Sekhon",10,72.00
911,"Madhav Ben",10,70.97
182,"Nayantara Dugal",10,70.83
983,"Badal Khanna",10,69.57
231,"Aarush Bhasin",10,69.57
869,"Biju Sankaran",10,69.23
143,"Dharmajan Lal",10,67.86
255,"Ritvik Mandal",10,64.00
958,"Raghav Dani",10,62.96
155,"Hrishita Kant",9,94.44
657,"Jhanvi Virk",9,92.31
251,"Ehsaan Som",9,91.67
320,"Bhamini Sule",9,90.00
737,"Aaryahi Devan",9,88.89
576,"Bhavin Hari",9,86.21
194,"Siya Dhingra",9,83.33
953,"Saksham Karpe",9,82.61
541,"Inaaya  Sankar",9,80.95
720,"Sahil Thaman",9,80.77
105,"Ayesha Chauhan",9,79.17
565,"Vihaan Ganguly",9,78.95
873,"Sara Kumar",9,78.13
986,"Drishya Mane",9,77.42
977,"Manikya Shenoy",9,77.27
661,"Advika Choudhary",9,76.67
999,"Ishita Dhaliwal",9,75.86
768,"Prerak Kannan",9,75.76
558,"Jhanvi Sidhu",9,75.00
455,"Tushar Dalal",9,75.00
831,"Indrans Reddy",9,72.73
430,"Ryan Gill",9,72.00
674,"Mishti Khosla",9,71.43
377,"Zara Sem",9,70.97
216,"Alisha Konda",9,70.97
941,"Trisha Kalita",9,65.22
797,"Pihu Hari",9,64.52
402,"Elakshi Tailor",9,59.26
710,"Nirvaan Luthra",8,95.45
912,"Madhup Shere",8,91.67
595,"Vivaan Shukla",8,90.91
563,"Zoya Badal",8,88.89
789,"Onkar Halder",8,88.89
375,"Aarna Arora",8,88.89
517,"Mehul Shan",8,85.71
903,"Hridaan Divan",8,83.33
373,"Piya Loke",8,82.76
562,"Uthkarsh Cherian",8,81.48
801,"Romil Mann",8,80.00
309,"Aarush Mandal",8,79.17
560,"Jayesh Mall",8,78.57
392,"Kimaya Mahajan",8,76.67
998,"Manikya Bala",8,76.67
929,"Hridaan Master",8,76.19
127,"Vritika Sachdev",8,76.00
239,"Pranay Kakar",8,73.08
515,"Farhan Walla",8,68.97
752,"Nishith Deshpande",8,62.96
942,"Rasha Boase",7,95.45
990,"Hansh Das",7,90.91
588,"Kimaya Bhakta",7,90.00
897,"Ishita Edwin",7,89.29
195,"Anvi Jayaraman",7,88.89
923,"Yuvaan Chand",7,88.00
451,"Ivana Ramaswamy",7,87.50
723,"Ishaan Arya",7,85.71
360,"Jayan Char",7,85.19
731,"Yashvi Brahmbhatt",7,84.21
880,"Baiju Sastry",7,83.33
950,"Hiran Baral",7,82.14
272,"Kanav Dalal",7,81.48
152,"Vaibhav Sathe",7,80.95
235,"Aarush Dhar",7,80.77
457,"Rhea Kothari",7,80.65
632,"Shaan Varkey",7,80.65
431,"Jiya Dave",7,80.00
640,"Ryan Mani",7,78.57
142,"Lavanya Kari",7,78.57
636,"Alia Hayre",7,78.26
635,"Raunak Sarin",7,78.13
393,"Alisha Bora",7,78.13
794,"Charvi Mander",7,76.67
575,"Neysa Sahota",7,76.67
528,"Rohan Anand",7,76.67
324,"Madhav Shankar",7,75.00
275,"Neysa Shan",7,75.00
593,"Sara Sibal",7,74.19
507,"Adira Walia",7,72.73
879,"Mohanlal Borah",7,72.41
100,"Manikya Lall",7,72.00
802,"Zaina Venkataraman",7,71.88
917,"Jivika Ramakrishnan",7,71.43
569,"Yashvi Ramakrishnan",7,69.57
672,"Anika Subramaniam",7,68.75
813,"Sara Vohra",7,68.75
197,"Indranil Kant",7,67.74
246,"Aradhya Varty",7,65.22
454,"Ryan Tata",7,64.29
233,"Vanya Saha",7,62.50
181,"Nakul Batra",7,60.71
551,"Charvi Golla",7,60.00
786,"Nishith Sastry",6,100.00
778,"Shray Chauhan",6,89.47
446,"Mohanlal Dora",6,88.89
441,"Devansh Loyal",6,87.50
820,"Ishaan Chowdhury",6,86.21
344,"Seher Kara",6,85.71
888,"Zain Karan",6,84.21
264,"Seher Hari",6,84.21
659,"Shamik Wali",6,80.00
145,"Nakul Bhatti",6,77.78
150,"Lagan Dubey",6,77.42
759,"Umang Choudhry",6,77.27
596,"Keya Wali",6,77.27
339,"Amani Soni",6,77.27
263,"Keya Hayre",6,76.00
910,"Dhanuk Thakkar",6,73.33
938,"Indrajit Chander",6,72.73
519,"Jivin Hayre",6,72.73
769,"Tiya Chaudry",6,71.43
513,"Khushi Walla",6,69.23
673,"Pari Edwin",6,69.23
663,"Rania Master",6,68.18
253,"Miraya Mahal",6,68.00
241,"Jayan Ramachandran",6,62.50
