employeeid,employeename,trained_tech,contributing_projects,avg_milestones_achieved
502,"Sahil Srinivas",AWS,1,10.00
923,"Yuvaan Chand",AWS,1,9.00
635,"Raunak Sarin",Azure,1,9.00
195,"Anvi Jayaraman",AWS,1,9.00
216,"Alisha Konda",AWS,1,9.00
229,"Yasmin Varughese",Azure,1,9.00
674,"Mishti Khosla",Azure,1,9.00
580,"Zaina Krish",AWS,1,9.00
575,"Neysa Sahota",AWS,1,9.00
794,"Charvi Mander",Azure,1,9.00
693,"Vedika Ratti",Azure,1,8.00
375,"Aarna Arora",AWS,1,8.00
719,"Vaibhav Devi",Azure,3,7.67
661,"Advika Choudhary",AWS,2,7.50
334,"Trisha Bhat",Azure,1,7.00
563,"Zoya Badal",Azure,1,7.00
111,"Hiran Sidhu",AWS,1,7.00
675,"Aaina Bumb",Azure,1,7.00
122,"Anya Dhar",AWS,1,7.00
263,"Keya Hayre",Azure,1,7.00
873,"Sara Kumar",AWS,1,7.00
624,"Riaan Kunda",AWS,1,7.00
624,"Riaan Kunda",Azure,3,6.67
262,"Vaibhav Sidhu",Azure,2,6.50
717,"Oorja Mahajan",Azure,1,6.00
309,"Aarush Mandal",AWS,1,6.00
911,"Madhav Ben",AWS,1,6.00
558,"Jhanvi Sidhu",Azure,2,5.50
262,"Vaibhav Sidhu",AWS,1,5.00
717,"Oorja Mahajan",AWS,2,5.00
856,"Divit Wadhwa",AWS,1,5.00
856,"Divit Wadhwa",Azure,1,5.00
903,"Hridaan Divan",AWS,1,5.00
